epoch,time,train/box_loss,train/cls_loss,train/dfl_loss,metrics/precision(B),metrics/recall(B),metrics/mAP50(B),metrics/mAP50-95(B),val/box_loss,val/cls_loss,val/dfl_loss,lr/pg0,lr/pg1,lr/pg2
1,42.3091,1.68094,2.70495,1.56042,0.01135,1,0.78973,0.35309,1.47703,2.78713,1.27655,0.000627451,0.000627451,0.000627451
2,80.404,1.55911,1.45217,1.41165,0.65182,0.53846,0.57556,0.2701,1.68797,2.22605,1.96761,0.001166,0.001166,0.001166
3,117.169,1.49967,1.21886,1.3468,0.45145,0.66492,0.58228,0.26778,1.55128,1.88702,1.71929,0.00157255,0.00157255,0.00157255
4,152.023,1.49662,1.1421,1.37164,0.9368,0.88462,0.94356,0.47159,1.65696,1.4813,1.68977,0.001406,0.001406,0.001406
5,186.882,1.35041,0.99485,1.27939,0.88705,0.90649,0.90669,0.47862,1.58368,1.19621,1.56858,0.001208,0.001208,0.001208
6,225.689,1.36617,0.98066,1.27551,1,0.91115,0.96341,0.47579,1.63427,1.07099,1.63243,0.00101,0.00101,0.00101
7,261.919,1.27588,0.92657,1.21938,0.88385,0.92308,0.94552,0.5304,1.35058,0.98354,1.3512,0.000812,0.000812,0.000812
8,296.518,1.22831,0.87714,1.19201,0.92121,0.96154,0.97953,0.54039,1.34604,0.9566,1.36119,0.000614,0.000614,0.000614
9,330.956,1.24108,0.84069,1.21973,0.9192,0.96154,0.97616,0.55878,1.30247,0.90443,1.3056,0.000416,0.000416,0.000416
10,369.711,1.15263,0.78339,1.16581,0.95831,0.96154,0.97756,0.58857,1.30952,0.82062,1.29865,0.000218,0.000218,0.000218
